"ï..Age","Attrition","BusinessTravel","Education","EducationField","EnvironmentSatisfaction","JobLevel","MaritalStatus","MonthlyRate","NumCompaniesWorked","PercentSalaryHike","PerformanceRating","TotalWorkingYears","WorkLifeBalance","YearsAtCompany","YearsWithCurrManager"
37,NA,"Non-Travel",NA,"Medical",NA,"3","Divorced",24666,1,13,NA,9,NA,9,7
30,NA,"Travel_Rarely",NA,"Technical Degree",NA,"1","Divorced",10415,5,14,NA,8,NA,3,2
30,NA,"Non-Travel",NA,"Medical",NA,"1","Single",7181,0,14,NA,12,NA,11,7
41,NA,"Travel_Frequently",NA,"Marketing",NA,"2","Single",9558,1,18,NA,8,NA,8,7
22,NA,"Travel_Rarely",NA,"Medical",NA,"1","Married",24440,1,13,NA,2,NA,2,2
41,NA,"Non-Travel",NA,"Life Sciences",NA,"2","Single",13430,7,14,NA,16,NA,14,10
34,NA,"Travel_Rarely",NA,"Medical",NA,"3","Single",17654,1,14,NA,9,NA,8,7
54,NA,"Non-Travel",NA,"Human Resources",NA,"4","Single",13871,2,12,NA,23,NA,5,4
51,NA,"Travel_Rarely",NA,"Life Sciences",NA,"1","Married",23231,1,11,NA,1,NA,1,0
53,NA,"Travel_Rarely",NA,"Life Sciences",NA,"2","Single",10919,2,17,NA,19,NA,2,2
45,NA,"Travel_Frequently",NA,"Life Sciences",NA,"2","Married",5630,2,14,NA,5,NA,1,0
43,NA,"Travel_Rarely",NA,"Marketing",NA,"4","Married",7744,5,22,NA,22,NA,17,9
29,NA,"Travel_Rarely",NA,"Technical Degree",NA,"2","Divorced",22645,4,12,NA,8,NA,3,2
29,NA,"Travel_Rarely",NA,"Life Sciences",NA,"3","Divorced",10195,1,11,NA,10,NA,10,8
34,NA,"Travel_Rarely",NA,"Life Sciences",NA,"1","Divorced",8416,3,12,NA,14,NA,7,7
40,NA,"Travel_Rarely",NA,"Medical",NA,"2","Married",13273,2,22,NA,6,NA,4,2
31,NA,"Travel_Rarely",NA,"Life Sciences",NA,"1","Married",16193,1,12,NA,4,NA,4,2
31,NA,"Travel_Frequently",NA,"Life Sciences",NA,"3","Married",14034,1,24,NA,10,NA,10,9
55,NA,"Travel_Rarely",NA,"Life Sciences",NA,"3","Married",18092,3,14,NA,24,NA,1,0
25,NA,"Travel_Rarely",NA,"Medical",NA,"1","Married",9396,5,13,NA,6,NA,2,2
41,NA,"Travel_Rarely",NA,"Life Sciences",NA,"4","Single",15896,1,19,NA,22,NA,22,4
34,NA,"Travel_Rarely",NA,"Life Sciences",NA,"3","Single",21293,0,11,NA,13,NA,12,11
46,NA,"Travel_Frequently",NA,"Marketing",NA,"2","Single",20445,4,21,NA,14,NA,9,8
41,NA,"Travel_Rarely",NA,"Marketing",NA,"1","Single",21728,1,22,NA,4,NA,4,2
30,NA,"Non-Travel",NA,"Life Sciences",NA,"1","Married",16734,4,15,NA,9,NA,5,4
40,NA,"Travel_Rarely",NA,"Life Sciences",NA,"5","Married",13022,0,14,NA,21,NA,20,12
33,NA,"Travel_Frequently",NA,"Life Sciences",NA,"3","Married",23364,6,11,NA,12,NA,10,8
36,NA,"Travel_Rarely",NA,"Medical",NA,"2","Divorced",13934,2,11,NA,13,NA,3,2
37,NA,"Travel_Rarely",NA,"Marketing",NA,"2","Married",3010,4,11,NA,17,NA,3,0
25,NA,"Travel_Rarely",NA,"Life Sciences",NA,"2","Married",7505,0,12,NA,5,NA,4,2
32,NA,"Travel_Rarely",NA,"Life Sciences",NA,"2","Married",18089,1,12,NA,6,NA,6,5
27,NA,"Travel_Rarely",NA,"Medical",NA,"1","Divorced",17881,1,11,NA,5,NA,5,4
32,NA,"Travel_Rarely",NA,"Life Sciences",NA,"2","Married",7346,1,17,NA,10,NA,10,9
36,NA,"Travel_Rarely",NA,"Technical Degree",NA,"2","Single",26285,4,12,NA,10,NA,8,7
42,NA,"Travel_Rarely",NA,"Technical Degree",NA,"5","Married",4933,1,11,NA,22,NA,22,15
32,NA,"Travel_Rarely",NA,"Life Sciences",NA,"1","Single",9571,0,14,NA,4,NA,3,2
59,NA,"Non-Travel",NA,"Human Resources",NA,"5","Married",21922,9,21,NA,30,NA,3,2
31,NA,"Travel_Frequently",NA,"Medical",NA,"3","Divorced",13523,9,12,NA,9,NA,2,2
33,NA,"Travel_Rarely",NA,"Life Sciences",NA,"1","Married",14776,1,13,NA,2,NA,2,2
30,NA,"Travel_Frequently",NA,"Life Sciences",NA,"1","Married",14470,1,18,NA,1,NA,1,0
36,NA,"Travel_Rarely",NA,"Medical",NA,"3","Married",3809,1,13,NA,10,NA,10,0
37,NA,"Travel_Rarely",NA,"Other",NA,"1","Single",2396,6,15,NA,7,NA,0,0
47,NA,"Travel_Frequently",NA,"Medical",NA,"2","Single",25751,3,19,NA,5,NA,0,0
36,NA,"Non-Travel",NA,"Medical",NA,"3","Single",15318,1,14,NA,10,NA,10,7
29,NA,"Travel_Rarely",NA,"Marketing",NA,"3","Married",24525,1,22,NA,10,NA,10,9
28,NA,"Travel_Rarely",NA,"Life Sciences",NA,"1","Single",3872,7,13,NA,10,NA,7,7
39,NA,"Travel_Rarely",NA,"Medical",NA,"4","Married",5355,1,14,NA,21,NA,21,10
36,NA,"Non-Travel",NA,"Life Sciences",NA,"3","Married",20335,9,14,NA,10,NA,8,5
30,NA,"Travel_Frequently",NA,"Life Sciences",NA,"1","Divorced",22310,1,25,NA,10,NA,10,9
29,NA,"Travel_Rarely",NA,"Life Sciences",NA,"1","Married",23779,1,24,NA,10,NA,10,7
35,NA,"Non-Travel",NA,"Life Sciences",NA,"1","Married",16900,1,18,NA,1,NA,1,0
60,NA,"Travel_Rarely",NA,"Marketing",NA,"2","Single",11924,8,14,NA,10,NA,2,2
41,NA,"Travel_Rarely",NA,"Technical Degree",NA,"5","Married",16280,1,12,NA,23,NA,22,8
25,NA,"Travel_Rarely",NA,"Life Sciences",NA,"2","Married",24835,2,18,NA,6,NA,2,2
29,NA,"Travel_Rarely",NA,"Life Sciences",NA,"1","Single",2755,1,11,NA,1,NA,1,0
44,NA,"Travel_Rarely",NA,"Other",NA,"2","Married",19121,2,13,NA,9,NA,4,3
38,NA,"Travel_Rarely",NA,"Life Sciences",NA,"3","Single",15397,4,14,NA,10,NA,1,0
49,NA,"Non-Travel",NA,"Life Sciences",NA,"2","Divorced",23793,1,15,NA,7,NA,7,7
26,NA,"Travel_Rarely",NA,"Other",NA,"1","Married",23300,1,19,NA,5,NA,5,3
29,NA,"Non-Travel",NA,"Life Sciences",NA,"2","Married",16928,1,14,NA,4,NA,4,2
26,NA,"Travel_Rarely",NA,"Life Sciences",NA,"1","Married",17759,1,13,NA,3,NA,3,2
35,NA,"Travel_Rarely",NA,"Other",NA,"2","Single",14004,4,14,NA,9,NA,3,2
34,NA,"Travel_Rarely",NA,"Medical",NA,"1","Single",7530,1,11,NA,6,NA,6,3
25,NA,"Travel_Rarely",NA,"Marketing",NA,"2","Single",26959,1,11,NA,6,NA,6,3
21,NA,"Travel_Rarely",NA,"Life Sciences",NA,"1","Single",25422,1,15,NA,1,NA,1,0
52,NA,"Travel_Rarely",NA,"Medical",NA,"3","Married",19609,2,14,NA,28,NA,5,4
35,NA,"Travel_Rarely",NA,"Marketing",NA,"3","Married",11439,1,13,NA,10,NA,10,6
56,NA,"Travel_Frequently",NA,"Life Sciences",NA,"4","Married",18256,9,11,NA,36,NA,7,7
51,NA,"Travel_Rarely",NA,"Life Sciences",NA,"2","Married",14862,4,11,NA,18,NA,7,7
50,NA,"Travel_Frequently",NA,"Life Sciences",NA,"5","Married",9755,3,19,NA,28,NA,8,7
36,NA,"Travel_Rarely",NA,"Technical Degree",NA,"3","Divorced",8202,1,13,NA,17,NA,17,8
55,NA,"Travel_Rarely",NA,"Medical",NA,"4","Divorced",19730,2,14,NA,21,NA,5,2
29,NA,"Travel_Rarely",NA,"Marketing",NA,"2","Divorced",11866,1,14,NA,7,NA,7,7
53,NA,"Travel_Rarely",NA,"Life Sciences",NA,"4","Married",13514,3,19,NA,32,NA,5,3
19,NA,"Travel_Rarely",NA,"Life Sciences",NA,"1","Single",9241,1,22,NA,1,NA,1,0
35,NA,"Travel_Rarely",NA,"Marketing",NA,"2","Single",23016,0,14,NA,16,NA,15,8
56,NA,"Travel_Rarely",NA,"Life Sciences",NA,"1","Divorced",13939,4,18,NA,19,NA,2,2
35,NA,"Travel_Frequently",NA,"Life Sciences",NA,"3","Married",11031,1,22,NA,9,NA,9,8
60,NA,"Travel_Rarely",NA,"Life Sciences",NA,"5","Married",3854,5,11,NA,33,NA,29,10
42,NA,"Travel_Rarely",NA,"Life Sciences",NA,"2","Married",24532,1,25,NA,20,NA,20,6
38,NA,"Travel_Rarely",NA,"Technical Degree",NA,"2","Married",4185,3,18,NA,9,NA,7,7
36,NA,"Travel_Rarely",NA,"Medical",NA,"2","Married",16577,6,13,NA,17,NA,7,7
36,NA,"Travel_Rarely",NA,"Human Resources",NA,"1","Married",25527,4,13,NA,8,NA,5,4
44,NA,"Travel_Frequently",NA,"Life Sciences",NA,"1","Divorced",19920,3,22,NA,19,NA,1,0
46,NA,"Travel_Rarely",NA,"Medical",NA,"2","Divorced",26314,2,14,NA,19,NA,10,8
36,NA,"Travel_Frequently",NA,"Medical",NA,"1","Single",15062,4,12,NA,13,NA,8,2
25,NA,"Travel_Rarely",NA,"Medical",NA,"1","Married",26376,1,11,NA,7,NA,7,6
41,NA,"Non-Travel",NA,"Other",NA,"2","Single",2112,2,17,NA,10,NA,8,7
37,NA,"Travel_Rarely",NA,"Life Sciences",NA,"3","Single",14506,2,12,NA,12,NA,5,3
27,NA,"Travel_Rarely",NA,"Technical Degree",NA,"1","Married",13364,0,16,NA,6,NA,5,1
19,NA,"Travel_Rarely",NA,"Technical Degree",NA,"1","Single",18437,1,12,NA,1,NA,1,0
34,NA,"Travel_Frequently",NA,"Life Sciences",NA,"2","Single",22887,1,24,NA,9,NA,9,6
21,NA,"Travel_Rarely",NA,"Life Sciences",NA,"1","Single",19281,1,14,NA,0,NA,0,0
26,NA,"Travel_Rarely",NA,"Marketing",NA,"2","Married",7428,1,20,NA,6,NA,5,4
33,NA,"Travel_Rarely",NA,"Marketing",NA,"2","Single",26507,5,15,NA,6,NA,3,2
29,NA,"Travel_Rarely",NA,"Medical",NA,"3","Married",21526,1,18,NA,10,NA,10,7
29,NA,"Travel_Rarely",NA,"Medical",NA,"2","Married",25549,4,12,NA,11,NA,8,1
40,NA,"Travel_Rarely",NA,"Life Sciences",NA,"1","Married",22495,3,13,NA,10,NA,7,7
26,NA,"Travel_Frequently",NA,"Life Sciences",NA,"1","Divorced",22808,0,11,NA,8,NA,7,0
27,NA,"Travel_Rarely",NA,"Life Sciences",NA,"1","Single",20938,1,12,NA,4,NA,4,2
32,NA,"Travel_Frequently",NA,"Medical",NA,"2","Divorced",22812,0,17,NA,9,NA,8,7
33,NA,"Travel_Rarely",NA,"Other",NA,"1","Single",5207,1,13,NA,10,NA,10,8
26,NA,"Travel_Rarely",NA,"Marketing",NA,"2","Single",8450,1,12,NA,8,NA,8,4
43,NA,"Travel_Rarely",NA,"Other",NA,"2","Divorced",2227,4,14,NA,8,NA,5,2
28,NA,"Travel_Rarely",NA,"Medical",NA,"2","Divorced",13535,1,12,NA,10,NA,10,8
24,NA,"Travel_Rarely",NA,"Life Sciences",NA,"1","Married",13257,0,12,NA,6,NA,5,2
29,NA,"Travel_Frequently",NA,"Life Sciences",NA,"2","Single",20260,1,18,NA,10,NA,10,9
51,NA,"Travel_Rarely",NA,"Medical",NA,"4","Single",7192,3,18,NA,21,NA,7,0
47,NA,"Non-Travel",NA,"Life Sciences",NA,"3","Married",10268,1,12,NA,10,NA,10,9
59,NA,"Travel_Rarely",NA,"Medical",NA,"1","Married",25657,8,17,NA,7,NA,2,2
25,NA,"Travel_Rarely",NA,"Life Sciences",NA,"2","Single",12090,1,11,NA,5,NA,5,3
38,NA,"Non-Travel",NA,"Medical",NA,"2","Divorced",15717,7,12,NA,17,NA,13,9
38,NA,"Travel_Rarely",NA,"Medical",NA,"2","Divorced",19191,1,24,NA,8,NA,8,7
52,NA,"Non-Travel",NA,"Life Sciences",NA,"5","Single",21030,1,18,NA,33,NA,33,12
24,NA,"Travel_Frequently",NA,"Life Sciences",NA,"1","Married",14168,1,16,NA,6,NA,6,2
39,NA,"Travel_Frequently",NA,"Life Sciences",NA,"1","Married",17872,1,11,NA,8,NA,8,7
45,NA,"Travel_Rarely",NA,"Life Sciences",NA,"2","Divorced",6319,4,11,NA,9,NA,5,3
30,NA,"Travel_Rarely",NA,"Medical",NA,"2","Married",11934,1,13,NA,11,NA,10,9
34,NA,"Travel_Rarely",NA,"Medical",NA,"1","Divorced",8758,0,11,NA,3,NA,2,2
33,NA,"Travel_Rarely",NA,"Medical",NA,"1","Married",4673,1,13,NA,8,NA,8,6
44,NA,"Non-Travel",NA,"Medical",NA,"1","Single",2104,2,14,NA,9,NA,5,4
38,NA,"Travel_Rarely",NA,"Life Sciences",NA,"3","Divorced",9647,0,12,NA,17,NA,16,13
31,NA,"Travel_Rarely",NA,"Medical",NA,"3","Single",25713,1,14,NA,11,NA,11,10
32,NA,"Travel_Rarely",NA,"Medical",NA,"3","Married",25812,1,11,NA,14,NA,14,8
27,NA,"Travel_Frequently",NA,"Medical",NA,"2","Divorced",16673,1,20,NA,6,NA,6,4
35,NA,"Non-Travel",NA,"Life Sciences",NA,"2","Divorced",4761,2,11,NA,16,NA,1,0
35,NA,"Travel_Rarely",NA,"Life Sciences",NA,"3","Married",14295,4,12,NA,10,NA,8,0
40,NA,"Travel_Rarely",NA,"Life Sciences",NA,"4","Single",20364,7,15,NA,22,NA,20,13
42,NA,"Travel_Rarely",NA,"Life Sciences",NA,"4","Single",15901,2,14,NA,16,NA,1,0
32,NA,"Travel_Rarely",NA,"Medical",NA,"2","Single",10557,7,16,NA,10,NA,7,7
27,NA,"Travel_Frequently",NA,"Life Sciences",NA,"2","Single",12916,1,14,NA,7,NA,7,7
38,NA,"Travel_Rarely",NA,"Life Sciences",NA,"3","Divorced",15682,0,14,NA,12,NA,11,9
32,NA,"Travel_Rarely",NA,"Technical Degree",NA,"2","Married",24624,1,11,NA,13,NA,13,9
19,NA,"Travel_Frequently",NA,"Technical Degree",NA,"1","Single",20989,0,21,NA,1,NA,0,0
30,NA,"Travel_Frequently",NA,"Medical",NA,"2","Single",10781,1,23,NA,12,NA,12,7
28,NA,"Travel_Rarely",NA,"Medical",NA,"2","Single",4824,0,19,NA,9,NA,8,7
33,NA,"Travel_Frequently",NA,"Life Sciences",NA,"2","Married",3193,2,19,NA,10,NA,5,3
23,NA,"Travel_Rarely",NA,"Life Sciences",NA,"1","Divorced",16092,1,12,NA,4,NA,4,2
57,NA,"Travel_Rarely",NA,"Marketing",NA,"4","Divorced",22102,3,12,NA,32,NA,1,0
52,NA,"Travel_Rarely",NA,"Technical Degree",NA,"2","Divorced",22087,3,12,NA,18,NA,10,9
22,NA,"Travel_Rarely",NA,"Medical",NA,"1","Married",12145,0,20,NA,3,NA,2,2
45,NA,"Travel_Frequently",NA,"Life Sciences",NA,"2","Married",5118,4,17,NA,9,NA,3,2
43,NA,"Travel_Frequently",NA,"Life Sciences",NA,"2","Divorced",6227,1,11,NA,9,NA,9,0
53,NA,"Travel_Rarely",NA,"Marketing",NA,"2","Married",16047,2,20,NA,13,NA,7,5
49,NA,"Travel_Rarely",NA,"Other",NA,"3","Single",12066,8,24,NA,26,NA,5,0
39,NA,"Travel_Rarely",NA,"Technical Degree",NA,"2","Married",3335,3,14,NA,19,NA,1,0
34,NA,"Travel_Rarely",NA,"Life Sciences",NA,"1","Single",13551,2,16,NA,10,NA,4,3
24,NA,"Non-Travel",NA,"Life Sciences",NA,"1","Divorced",26551,1,11,NA,1,NA,1,0
31,NA,"Non-Travel",NA,"Medical",NA,"2","Married",4381,0,12,NA,6,NA,5,4
45,NA,"Non-Travel",NA,"Medical",NA,"3","Single",16840,6,12,NA,23,NA,19,8
30,NA,"Travel_Rarely",NA,"Human Resources",NA,"2","Married",13982,0,19,NA,12,NA,11,7
35,NA,"Travel_Frequently",NA,"Medical",NA,"1","Married",5868,4,13,NA,5,NA,3,2
39,NA,"Travel_Rarely",NA,"Life Sciences",NA,"2","Married",14590,4,14,NA,17,NA,15,9
30,NA,"Travel_Rarely",NA,"Life Sciences",NA,"2","Married",15830,1,19,NA,11,NA,11,8
24,NA,"Travel_Rarely",NA,"Technical Degree",NA,"1","Single",21972,1,16,NA,6,NA,5,4
37,NA,"Non-Travel",NA,"Life Sciences",NA,"2","Divorced",15850,5,14,NA,17,NA,1,0
58,NA,"Travel_Rarely",NA,"Medical",NA,"4","Single",24409,0,13,NA,38,NA,37,8
38,NA,"Travel_Frequently",NA,"Life Sciences",NA,"3","Single",8787,0,21,NA,10,NA,9,8
36,NA,"Travel_Rarely",NA,"Life Sciences",NA,"1","Married",20251,0,11,NA,16,NA,15,11
38,NA,"Travel_Rarely",NA,"Life Sciences",NA,"1","Single",4306,5,11,NA,6,NA,3,2
20,NA,"Travel_Rarely",NA,"Medical",NA,"1","Single",26999,1,11,NA,1,NA,1,1
37,NA,"Travel_Frequently",NA,"Other",NA,"3","Divorced",10056,1,14,NA,10,NA,10,7
45,NA,"Travel_Rarely",NA,"Other",NA,"3","Married",15067,4,14,NA,17,NA,0,0
38,NA,"Travel_Frequently",NA,"Life Sciences",NA,"2","Single",5456,1,11,NA,10,NA,10,9
41,NA,"Travel_Rarely",NA,"Life Sciences",NA,"3","Divorced",21196,3,13,NA,12,NA,9,7
42,NA,"Travel_Frequently",NA,"Life Sciences",NA,"5","Divorced",16225,1,13,NA,24,NA,24,9
31,NA,"Travel_Rarely",NA,"Medical",NA,"2","Divorced",11512,2,17,NA,9,NA,3,2
51,NA,"Travel_Frequently",NA,"Life Sciences",NA,"3","Single",25150,2,15,NA,18,NA,4,3
40,NA,"Travel_Rarely",NA,"Marketing",NA,"2","Married",6110,2,12,NA,8,NA,6,0
28,NA,"Non-Travel",NA,"Medical",NA,"2","Married",8863,1,15,NA,5,NA,5,4
32,NA,"Travel_Frequently",NA,"Life Sciences",NA,"1","Married",26062,1,20,NA,5,NA,5,3
45,NA,"Travel_Rarely",NA,"Other",NA,"2","Married",9278,9,14,NA,12,NA,10,8
33,NA,"Travel_Rarely",NA,"Medical",NA,"3","Married",24619,7,12,NA,15,NA,7,7
35,NA,"Travel_Rarely",NA,"Medical",NA,"2","Single",6698,1,16,NA,5,NA,5,3
29,NA,"Travel_Rarely",NA,"Marketing",NA,"2","Divorced",10732,2,14,NA,10,NA,3,2
52,NA,"Non-Travel",NA,"Medical",NA,"1","Married",26589,0,18,NA,5,NA,4,2
46,NA,"Travel_Rarely",NA,"Marketing",NA,"3","Divorced",2137,1,25,NA,24,NA,24,7
45,NA,"Travel_Rarely",NA,"Life Sciences",NA,"2","Divorced",10901,8,18,NA,20,NA,17,15
25,NA,"Travel_Rarely",NA,"Medical",NA,"1","Married",26897,1,11,NA,2,NA,2,1
41,NA,"Travel_Rarely",NA,"Human Resources",NA,"5","Divorced",8861,3,15,NA,23,NA,21,6
58,NA,"Travel_Rarely",NA,"Life Sciences",NA,"5","Single",25761,7,12,NA,40,NA,31,8
33,NA,"Travel_Frequently",NA,"Life Sciences",NA,"3","Single",15146,1,12,NA,15,NA,15,12
42,NA,"Travel_Rarely",NA,"Medical",NA,"1","Divorced",8007,0,11,NA,10,NA,9,8
30,NA,"Travel_Rarely",NA,"Life Sciences",NA,"1","Divorced",13335,1,22,NA,1,NA,1,0
39,NA,"Travel_Rarely",NA,"Human Resources",NA,"2","Married",18767,9,15,NA,12,NA,8,6
33,NA,"Travel_Rarely",NA,"Marketing",NA,"1","Single",9150,1,13,NA,1,NA,1,0
36,NA,"Travel_Frequently",NA,"Medical",NA,"1","Single",7703,1,13,NA,8,NA,8,7
24,NA,"Travel_Rarely",NA,"Life Sciences",NA,"2","Single",24785,9,14,NA,4,NA,2,0
52,NA,"Travel_Rarely",NA,"Marketing",NA,"4","Married",10084,1,11,NA,34,NA,34,16
36,NA,"Travel_Rarely",NA,"Life Sciences",NA,"1","Married",13072,9,14,NA,6,NA,1,0
45,NA,"Travel_Rarely",NA,"Other",NA,"5","Married",15970,0,11,NA,25,NA,24,7
29,NA,"Travel_Rarely",NA,"Marketing",NA,"1","Divorced",17967,1,14,NA,2,NA,2,2
33,NA,"Travel_Rarely",NA,"Marketing",NA,"2","Divorced",20431,0,12,NA,6,NA,5,2
31,NA,"Travel_Rarely",NA,"Medical",NA,"1","Single",18775,1,17,NA,1,NA,1,0
42,NA,"Travel_Rarely",NA,"Other",NA,"2","Single",17078,3,23,NA,14,NA,1,0
38,NA,"Travel_Rarely",NA,"Marketing",NA,"2","Single",7791,0,20,NA,8,NA,7,5
37,NA,"Travel_Rarely",NA,"Life Sciences",NA,"1","Divorced",19905,0,13,NA,6,NA,5,3
34,NA,"Non-Travel",NA,"Marketing",NA,"2","Single",10034,0,20,NA,10,NA,9,7
41,NA,"Travel_Frequently",NA,"Life Sciences",NA,"4","Divorced",12888,4,13,NA,21,NA,7,7
43,NA,"Travel_Rarely",NA,"Life Sciences",NA,"3","Married",9262,8,16,NA,10,NA,1,0
34,NA,"Travel_Rarely",NA,"Life Sciences",NA,"2","Divorced",4187,3,14,NA,7,NA,0,0
36,NA,"Travel_Rarely",NA,"Life Sciences",NA,"2","Single",9945,8,16,NA,16,NA,13,7
28,NA,"Travel_Rarely",NA,"Medical",NA,"1","Married",24737,5,13,NA,5,NA,3,2
30,NA,"Non-Travel",NA,"Life Sciences",NA,"3","Single",20925,1,22,NA,12,NA,11,8
40,NA,"Travel_Rarely",NA,"Medical",NA,"2","Married",16523,8,15,NA,15,NA,7,7
29,NA,"Travel_Rarely",NA,"Life Sciences",NA,"1","Single",22673,1,19,NA,6,NA,6,5
32,NA,"Non-Travel",NA,"Other",NA,"2","Married",23914,8,12,NA,6,NA,4,2
28,NA,"Travel_Rarely",NA,"Life Sciences",NA,"1","Single",14935,2,11,NA,5,NA,0,0
32,NA,"Travel_Frequently",NA,"Life Sciences",NA,"1","Single",11864,0,13,NA,8,NA,7,6
38,NA,"Travel_Rarely",NA,"Medical",NA,"1","Married",20471,6,13,NA,6,NA,1,1
31,NA,"Travel_Rarely",NA,"Medical",NA,"2","Married",14408,0,21,NA,10,NA,9,8
53,NA,"Travel_Rarely",NA,"Life Sciences",NA,"4","Married",22021,2,16,NA,31,NA,25,7
31,NA,"Travel_Frequently",NA,"Medical",NA,"1","Single",11652,0,11,NA,6,NA,5,4
23,NA,"Travel_Rarely",NA,"Medical",NA,"1","Married",4344,1,14,NA,5,NA,4,2
27,NA,"Travel_Rarely",NA,"Life Sciences",NA,"2","Single",5242,1,11,NA,5,NA,5,4
58,NA,"Travel_Rarely",NA,"Medical",NA,"1","Married",11873,4,20,NA,9,NA,1,0
34,NA,"Travel_Frequently",NA,"Medical",NA,"1","Divorced",5972,1,17,NA,5,NA,5,0
52,NA,"Travel_Rarely",NA,"Life Sciences",NA,"4","Married",10310,2,13,NA,31,NA,5,4
54,NA,"Travel_Rarely",NA,"Life Sciences",NA,"2","Single",23428,7,11,NA,19,NA,1,0
40,NA,"Travel_Rarely",NA,"Technical Degree",NA,"2","Divorced",24447,1,17,NA,9,NA,9,7
30,NA,"Travel_Rarely",NA,"Life Sciences",NA,"3","Married",8053,2,12,NA,12,NA,10,4
30,NA,"Travel_Rarely",NA,"Marketing",NA,"1","Single",18398,0,14,NA,4,NA,3,2
32,NA,"Travel_Rarely",NA,"Marketing",NA,"2","Single",21703,1,12,NA,10,NA,10,8
31,NA,"Travel_Rarely",NA,"Human Resources",NA,"2","Married",17822,3,12,NA,9,NA,2,0
31,NA,"Travel_Rarely",NA,"Life Sciences",NA,"2","Single",20682,1,23,NA,11,NA,11,8
33,NA,"Travel_Rarely",NA,"Medical",NA,"3","Married",25995,0,11,NA,14,NA,13,7
47,NA,"Travel_Rarely",NA,"Medical",NA,"2","Divorced",7389,5,13,NA,20,NA,5,4
59,NA,"Travel_Frequently",NA,"Life Sciences",NA,"2","Single",24668,7,11,NA,20,NA,4,3
49,NA,"Travel_Rarely",NA,"Life Sciences",NA,"5","Divorced",2125,1,17,NA,31,NA,31,9
27,NA,"Travel_Rarely",NA,"Medical",NA,"1","Married",16632,9,12,NA,6,NA,2,2
35,NA,"Travel_Rarely",NA,"Life Sciences",NA,"1","Married",4892,1,19,NA,1,NA,1,1
39,NA,"Travel_Rarely",NA,"Medical",NA,"1","Divorced",15417,7,14,NA,7,NA,3,2
31,NA,"Travel_Rarely",NA,"Life Sciences",NA,"3","Divorced",25291,9,21,NA,10,NA,5,1
38,NA,"Travel_Frequently",NA,"Life Sciences",NA,"1","Married",12106,1,23,NA,1,NA,1,0
49,NA,"Travel_Rarely",NA,"Technical Degree",NA,"4","Single",17810,7,12,NA,25,NA,7,7
42,NA,"Travel_Frequently",NA,"Marketing",NA,"4","Married",14864,5,14,NA,23,NA,20,8
46,NA,"Travel_Rarely",NA,"Marketing",NA,"3","Married",11563,2,19,NA,15,NA,3,2
55,NA,"Travel_Rarely",NA,"Technical Degree",NA,"2","Married",15972,3,19,NA,12,NA,10,8
42,NA,"Travel_Frequently",NA,"Life Sciences",NA,"2","Divorced",12932,2,11,NA,19,NA,5,2
30,NA,"Travel_Rarely",NA,"Technical Degree",NA,"1","Married",17434,1,18,NA,1,NA,1,0
37,NA,"Travel_Rarely",NA,"Life Sciences",NA,"2","Single",21123,2,12,NA,18,NA,1,1
33,NA,"Travel_Rarely",NA,"Medical",NA,"4","Divorced",22578,4,19,NA,10,NA,6,5
53,NA,"Travel_Rarely",NA,"Medical",NA,"4","Married",21016,3,16,NA,21,NA,5,3
31,NA,"Travel_Frequently",NA,"Marketing",NA,"1","Divorced",3909,1,11,NA,2,NA,2,2
42,NA,"Non-Travel",NA,"Medical",NA,"2","Divorced",16439,2,16,NA,11,NA,5,2
40,NA,"Travel_Rarely",NA,"Medical",NA,"5","Divorced",5949,0,19,NA,22,NA,21,9
31,NA,"Travel_Rarely",NA,"Technical Degree",NA,"2","Married",12241,4,11,NA,10,NA,8,7
33,NA,"Travel_Rarely",NA,"Life Sciences",NA,"1","Married",21509,7,20,NA,13,NA,9,7
35,NA,"Non-Travel",NA,"Medical",NA,"3","Married",8302,2,13,NA,10,NA,4,3
54,NA,"Travel_Rarely",NA,"Medical",NA,"2","Divorced",22670,9,11,NA,9,NA,5,4
38,NA,"Travel_Rarely",NA,"Technical Degree",NA,"2","Single",2302,3,20,NA,19,NA,3,2
28,NA,"Travel_Rarely",NA,"Life Sciences",NA,"1","Single",4488,1,21,NA,5,NA,5,2
44,NA,"Travel_Rarely",NA,"Life Sciences",NA,"2","Single",26894,4,11,NA,10,NA,2,2
24,NA,"Travel_Rarely",NA,"Marketing",NA,"2","Divorced",5915,1,12,NA,5,NA,5,3
29,NA,"Travel_Frequently",NA,"Life Sciences",NA,"1","Divorced",18959,1,18,NA,10,NA,10,8
22,NA,"Travel_Frequently",NA,"Technical Degree",NA,"1","Single",9129,5,16,NA,4,NA,2,2
34,NA,"Travel_Rarely",NA,"Technical Degree",NA,"1","Divorced",2912,1,18,NA,8,NA,8,6
40,NA,"Non-Travel",NA,"Life Sciences",NA,"2","Married",14242,9,14,NA,5,NA,3,2
54,NA,"Travel_Rarely",NA,"Technical Degree",NA,"3","Married",24001,9,12,NA,16,NA,4,3
38,NA,"Travel_Rarely",NA,"Life Sciences",NA,"3","Married",26707,3,17,NA,19,NA,10,1
41,NA,"Travel_Rarely",NA,"Marketing",NA,"3","Married",19566,1,16,NA,10,NA,10,7
26,NA,"Travel_Rarely",NA,"Life Sciences",NA,"2","Married",20156,1,17,NA,8,NA,8,7
46,NA,"Travel_Frequently",NA,"Medical",NA,"3","Married",8984,5,11,NA,28,NA,2,2
37,NA,"Travel_Rarely",NA,"Life Sciences",NA,"1","Married",10227,4,21,NA,8,NA,1,0
33,NA,"Travel_Frequently",NA,"Marketing",NA,"2","Single",4317,3,14,NA,9,NA,7,1
31,NA,"Travel_Rarely",NA,"Life Sciences",NA,"1","Divorced",7747,0,18,NA,3,NA,2,2
22,NA,"Travel_Rarely",NA,"Medical",NA,"1","Married",11992,1,24,NA,2,NA,2,2
29,NA,"Travel_Rarely",NA,"Other",NA,"1","Married",4759,1,11,NA,7,NA,7,7
40,NA,"Travel_Rarely",NA,"Marketing",NA,"3","Married",8552,7,11,NA,15,NA,12,11
34,NA,"Travel_Frequently",NA,"Marketing",NA,"1","Married",11314,6,18,NA,6,NA,4,2
37,NA,"Travel_Rarely",NA,"Medical",NA,"1","Married",18697,2,14,NA,17,NA,3,2
42,NA,"Travel_Rarely",NA,"Life Sciences",NA,"1","Divorced",20490,3,16,NA,8,NA,5,2
32,NA,"Travel_Rarely",NA,"Life Sciences",NA,"2","Married",16985,1,14,NA,13,NA,13,8
35,NA,"Travel_Frequently",NA,"Medical",NA,"2","Single",15986,5,11,NA,10,NA,6,2
57,NA,"Travel_Rarely",NA,"Life Sciences",NA,"3","Divorced",23402,3,16,NA,12,NA,5,4
43,NA,"Travel_Frequently",NA,"Medical",NA,"1","Married",15238,7,20,NA,8,NA,3,2
56,NA,"Travel_Rarely",NA,"Medical",NA,"4","Married",20420,7,11,NA,30,NA,10,1
33,NA,"Travel_Frequently",NA,"Life Sciences",NA,"1","Married",23159,1,11,NA,8,NA,8,0
18,NA,"Travel_Rarely",NA,"Life Sciences",NA,"1","Single",25233,1,13,NA,0,NA,0,0
21,NA,"Non-Travel",NA,"Medical",NA,"1","Single",2851,1,24,NA,3,NA,3,2
52,NA,"Travel_Rarely",NA,"Life Sciences",NA,"2","Married",21821,8,20,NA,9,NA,5,4
47,NA,"Travel_Frequently",NA,"Medical",NA,"4","Divorced",10225,9,12,NA,28,NA,22,13
51,NA,"Travel_Rarely",NA,"Life Sciences",NA,"1","Married",18725,3,23,NA,10,NA,4,3
41,NA,"Travel_Rarely",NA,"Life Sciences",NA,"1","Divorced",4609,4,12,NA,13,NA,9,8
32,NA,"Travel_Rarely",NA,"Medical",NA,"1","Married",3956,1,13,NA,8,NA,8,7
44,NA,"Travel_Rarely",NA,"Medical",NA,"3","Married",2094,3,14,NA,24,NA,22,17
37,NA,"Travel_Rarely",NA,"Life Sciences",NA,"2","Married",15701,6,12,NA,8,NA,6,3
53,NA,"Travel_Rarely",NA,"Medical",NA,"2","Divorced",26250,1,11,NA,5,NA,4,3
50,NA,"Travel_Frequently",NA,"Marketing",NA,"3","Single",6645,4,11,NA,16,NA,2,1
50,NA,"Travel_Rarely",NA,"Medical",NA,"1","Married",3425,2,15,NA,5,NA,3,2
59,NA,"Travel_Rarely",NA,"Life Sciences",NA,"1","Married",8456,3,17,NA,7,NA,1,0
40,NA,"Travel_Rarely",NA,"Medical",NA,"5","Married",6499,1,14,NA,21,NA,20,9
36,NA,"Travel_Frequently",NA,"Technical Degree",NA,"3","Married",22952,0,14,NA,10,NA,9,8
36,NA,"Travel_Frequently",NA,"Medical",NA,"3","Married",7246,4,11,NA,16,NA,13,12
37,NA,"Travel_Rarely",NA,"Medical",NA,"3","Single",25258,4,13,NA,16,NA,5,2
55,NA,"Travel_Rarely",NA,"Medical",NA,"5","Married",21199,5,13,NA,24,NA,5,4
54,NA,"Travel_Frequently",NA,"Life Sciences",NA,"2","Single",16885,3,12,NA,20,NA,4,3
23,NA,"Travel_Rarely",NA,"Life Sciences",NA,"1","Married",3445,1,21,NA,1,NA,0,0
37,NA,"Travel_Rarely",NA,"Medical",NA,"1","Married",17663,6,20,NA,17,NA,5,3
24,NA,"Travel_Rarely",NA,"Medical",NA,"1","Married",21630,1,11,NA,6,NA,6,4
37,NA,"Travel_Rarely",NA,"Human Resources",NA,"1","Divorced",23648,4,22,NA,7,NA,3,2
47,NA,"Travel_Rarely",NA,"Marketing",NA,"2","Single",11825,2,12,NA,20,NA,7,7
50,NA,"Travel_Frequently",NA,"Medical",NA,"5","Married",7999,1,11,NA,32,NA,32,7
22,NA,"Travel_Rarely",NA,"Medical",NA,"1","Single",23785,1,15,NA,1,NA,0,0
38,NA,"Non-Travel",NA,"Life Sciences",NA,"2","Married",19682,3,18,NA,13,NA,8,5
29,NA,"Travel_Rarely",NA,"Life Sciences",NA,"1","Single",18168,9,16,NA,6,NA,3,2
32,NA,"Travel_Rarely",NA,"Life Sciences",NA,"1","Single",15178,1,13,NA,1,NA,1,0
25,NA,"Travel_Rarely",NA,"Medical",NA,"2","Single",22807,1,23,NA,6,NA,6,4
41,NA,"Travel_Rarely",NA,"Medical",NA,"2","Single",10110,6,15,NA,8,NA,5,2
34,NA,"Travel_Rarely",NA,"Life Sciences",NA,"1","Married",7660,1,12,NA,10,NA,10,8
44,NA,"Travel_Rarely",NA,"Other",NA,"5","Married",9358,4,12,NA,26,NA,2,1
30,NA,"Travel_Rarely",NA,"Life Sciences",NA,"1","Married",24375,3,21,NA,7,NA,2,2
35,NA,"Travel_Rarely",NA,"Life Sciences",NA,"1","Single",19225,0,15,NA,6,NA,5,3
30,NA,"Travel_Rarely",NA,"Life Sciences",NA,"2","Single",24793,2,20,NA,11,NA,5,2
41,NA,"Travel_Rarely",NA,"Life Sciences",NA,"1","Married",6961,2,21,NA,7,NA,5,4
29,NA,"Travel_Rarely",NA,"Technical Degree",NA,"1","Single",19757,0,14,NA,7,NA,6,5
25,NA,"Travel_Rarely",NA,"Life Sciences",NA,"2","Married",15678,0,22,NA,4,NA,3,2
27,NA,"Travel_Rarely",NA,"Life Sciences",NA,"3","Married",6009,1,11,NA,9,NA,9,7
46,NA,"Travel_Frequently",NA,"Medical",NA,"3","Married",3142,2,13,NA,21,NA,10,5
26,NA,"Travel_Frequently",NA,"Life Sciences",NA,"1","Divorced",5288,3,14,NA,5,NA,2,0
32,NA,"Travel_Frequently",NA,"Marketing",NA,"3","Single",15589,1,14,NA,9,NA,9,7
38,NA,"Travel_Rarely",NA,"Medical",NA,"2","Married",22174,3,19,NA,18,NA,1,0
45,NA,"Non-Travel",NA,"Medical",NA,"4","Married",20462,9,23,NA,22,NA,20,8
45,NA,"Travel_Rarely",NA,"Medical",NA,"1","Single",9752,5,13,NA,9,NA,6,3
40,NA,"Travel_Frequently",NA,"Medical",NA,"2","Married",9931,1,24,NA,8,NA,8,7
31,NA,"Travel_Rarely",NA,"Life Sciences",NA,"2","Divorced",9528,3,22,NA,10,NA,7,7
27,NA,"Travel_Rarely",NA,"Medical",NA,"2","Single",23398,8,19,NA,9,NA,7,7
34,NA,"Travel_Rarely",NA,"Medical",NA,"2","Married",17736,1,15,NA,5,NA,5,3
45,NA,"Travel_Rarely",NA,"Life Sciences",NA,"3","Divorced",18787,2,17,NA,25,NA,1,0
30,NA,"Travel_Frequently",NA,"Marketing",NA,"2","Single",22967,5,15,NA,9,NA,6,1
43,NA,"Non-Travel",NA,"Medical",NA,"1","Divorced",5228,4,14,NA,7,NA,5,2
31,NA,"Travel_Rarely",NA,"Technical Degree",NA,"1","Married",10077,0,12,NA,6,NA,5,3
30,NA,"Non-Travel",NA,"Other",NA,"3","Married",2890,0,11,NA,10,NA,9,8
36,NA,"Travel_Rarely",NA,"Medical",NA,"2","Divorced",2819,6,20,NA,7,NA,3,1
40,NA,"Travel_Rarely",NA,"Medical",NA,"2","Married",13436,6,22,NA,20,NA,1,0
27,NA,"Travel_Rarely",NA,"Medical",NA,"1","Single",15174,0,13,NA,5,NA,4,1
41,NA,"Travel_Rarely",NA,"Life Sciences",NA,"2","Divorced",19877,2,16,NA,17,NA,1,0
26,NA,"Travel_Frequently",NA,"Medical",NA,"2","Married",22722,1,13,NA,5,NA,5,3
26,NA,"Travel_Rarely",NA,"Life Sciences",NA,"1","Single",10558,1,12,NA,1,NA,1,1
54,NA,"Travel_Rarely",NA,"Medical",NA,"3","Married",6729,2,15,NA,16,NA,9,1
36,NA,"Travel_Rarely",NA,"Medical",NA,"1","Married",21777,0,17,NA,2,NA,1,0
50,NA,"Travel_Rarely",NA,"Medical",NA,"4","Married",6881,5,16,NA,30,NA,4,3
31,NA,"Travel_Rarely",NA,"Medical",NA,"2","Married",4156,1,12,NA,13,NA,13,12
30,NA,"Travel_Rarely",NA,"Life Sciences",NA,"1","Single",23910,1,14,NA,5,NA,5,4
31,NA,"Travel_Rarely",NA,"Life Sciences",NA,"2","Single",8346,4,13,NA,10,NA,6,5
29,NA,"Travel_Rarely",NA,"Technical Degree",NA,"1","Married",18300,5,16,NA,6,NA,2,1
34,NA,"Travel_Rarely",NA,"Medical",NA,"1","Single",17102,2,11,NA,8,NA,4,3
22,NA,"Travel_Rarely",NA,"Life Sciences",NA,"1","Divorced",12392,1,16,NA,4,NA,4,2
48,NA,"Travel_Rarely",NA,"Marketing",NA,"2","Married",18597,3,12,NA,12,NA,2,2
49,NA,"Travel_Frequently",NA,"Life Sciences",NA,"2","Married",24907,1,23,NA,10,NA,10,7
34,NA,"Non-Travel",NA,"Marketing",NA,"2","Married",12740,9,15,NA,6,NA,3,2
35,NA,"Travel_Rarely",NA,"Marketing",NA,"2","Married",18659,9,11,NA,15,NA,11,9
32,NA,"Travel_Rarely",NA,"Life Sciences",NA,"1","Single",12430,3,20,NA,8,NA,5,4
37,NA,"Travel_Rarely",NA,"Technical Degree",NA,"3","Single",23848,4,17,NA,12,NA,6,2
51,NA,"Travel_Rarely",NA,"Life Sciences",NA,"5","Single",6462,7,13,NA,23,NA,20,15
30,NA,"Travel_Rarely",NA,"Medical",NA,"1","Single",11162,0,13,NA,6,NA,5,2
41,NA,"Travel_Rarely",NA,"Life Sciences",NA,"2","Single",19479,8,11,NA,8,NA,6,5
49,NA,"Travel_Frequently",NA,"Life Sciences",NA,"5","Single",25594,9,11,NA,22,NA,3,2
27,NA,"Travel_Frequently",NA,"Technical Degree",NA,"2","Married",9679,5,19,NA,6,NA,2,0
30,NA,"Travel_Rarely",NA,"Marketing",NA,"2","Divorced",25275,7,23,NA,10,NA,8,7
27,NA,"Travel_Rarely",NA,"Marketing",NA,"1","Divorced",16346,0,11,NA,5,NA,4,2
35,NA,"Travel_Rarely",NA,"Medical",NA,"1","Married",16002,3,15,NA,4,NA,2,2
46,NA,"Travel_Rarely",NA,"Medical",NA,"2","Divorced",10425,8,22,NA,16,NA,4,2
26,NA,"Travel_Rarely",NA,"Technical Degree",NA,"2","Single",3064,6,17,NA,6,NA,4,2
37,NA,"Travel_Rarely",NA,"Medical",NA,"2","Divorced",17001,4,13,NA,13,NA,7,7
23,NA,"Travel_Rarely",NA,"Medical",NA,"1","Single",19630,1,18,NA,2,NA,2,2
23,NA,"Travel_Rarely",NA,"Medical",NA,"1","Married",8544,2,16,NA,5,NA,3,2
27,NA,"Travel_Rarely",NA,"Medical",NA,"1","Single",11781,1,16,NA,7,NA,7,3
52,NA,"Travel_Rarely",NA,"Life Sciences",NA,"1","Single",3300,7,15,NA,6,NA,2,2
31,NA,"Travel_Frequently",NA,"Life Sciences",NA,"3","Married",22908,3,12,NA,12,NA,1,0
36,NA,"Travel_Rarely",NA,"Other",NA,"2","Married",23361,0,15,NA,10,NA,9,5
26,NA,"Travel_Rarely",NA,"Medical",NA,"1","Divorced",14180,2,13,NA,5,NA,3,2
51,NA,"Travel_Rarely",NA,"Marketing",NA,"2","Single",8423,0,22,NA,11,NA,10,0
54,NA,"Travel_Rarely",NA,"Marketing",NA,"2","Married",17011,2,14,NA,16,NA,6,5
44,NA,"Travel_Rarely",NA,"Marketing",NA,"2","Divorced",4009,5,21,NA,9,NA,4,3
32,NA,"Travel_Rarely",NA,"Technical Degree",NA,"2","Single",19737,4,13,NA,9,NA,6,4
50,NA,"Travel_Rarely",NA,"Life Sciences",NA,"4","Married",9314,0,15,NA,28,NA,27,7
29,NA,"Travel_Rarely",NA,"Medical",NA,"1","Single",14961,1,13,NA,4,NA,4,1
56,NA,"Travel_Rarely",NA,"Life Sciences",NA,"1","Married",4510,9,18,NA,7,NA,5,3
54,NA,"Travel_Rarely",NA,"Medical",NA,"5","Married",8509,4,11,NA,24,NA,4,2
34,NA,"Travel_Rarely",NA,"Medical",NA,"3","Single",5615,2,12,NA,14,NA,11,8
40,NA,"Travel_Rarely",NA,"Medical",NA,"1","Single",22929,0,20,NA,5,NA,4,3
30,NA,"Non-Travel",NA,"Medical",NA,"2","Divorced",11012,1,11,NA,12,NA,12,10
40,NA,"Travel_Rarely",NA,"Marketing",NA,"2","Divorced",22553,7,12,NA,8,NA,5,3
30,NA,"Travel_Rarely",NA,"Technical Degree",NA,"2","Single",19558,0,11,NA,6,NA,5,4
37,NA,"Travel_Rarely",NA,"Life Sciences",NA,"1","Single",15232,3,17,NA,4,NA,1,0
43,NA,"Travel_Rarely",NA,"Other",NA,"4","Divorced",2671,4,14,NA,21,NA,1,0
43,NA,"Travel_Rarely",NA,"Medical",NA,"1","Divorced",21923,1,12,NA,6,NA,5,4
33,NA,"Travel_Rarely",NA,"Medical",NA,"1","Divorced",6705,7,13,NA,8,NA,4,3
35,NA,"Travel_Frequently",NA,"Marketing",NA,"3","Single",9096,1,14,NA,10,NA,10,8
46,NA,"Travel_Rarely",NA,"Life Sciences",NA,"4","Married",2288,6,13,NA,26,NA,3,1
37,NA,"Travel_Rarely",NA,"Life Sciences",NA,"1","Married",22977,1,12,NA,8,NA,8,7
33,NA,"Travel_Rarely",NA,"Medical",NA,"1","Married",22149,5,13,NA,8,NA,5,4
21,NA,"Travel_Rarely",NA,"Technical Degree",NA,"1","Single",24444,1,11,NA,3,NA,3,2
27,NA,"Travel_Frequently",NA,"Life Sciences",NA,"3","Single",2975,1,15,NA,9,NA,9,7
55,NA,"Travel_Rarely",NA,"Medical",NA,"5","Single",18938,0,14,NA,37,NA,36,13
36,NA,"Non-Travel",NA,"Life Sciences",NA,"2","Married",6927,7,15,NA,11,NA,9,8
50,NA,"Travel_Rarely",NA,"Medical",NA,"1","Married",3297,1,11,NA,20,NA,20,8
38,NA,"Travel_Rarely",NA,"Life Sciences",NA,"2","Divorced",18899,9,14,NA,10,NA,2,2
43,NA,"Travel_Frequently",NA,"Life Sciences",NA,"4","Married",19494,1,12,NA,25,NA,25,12
42,NA,"Travel_Rarely",NA,"Technical Degree",NA,"1","Divorced",24017,0,11,NA,4,NA,3,0
60,NA,"Travel_Frequently",NA,"Marketing",NA,"3","Married",2845,4,19,NA,22,NA,18,11
55,NA,"Travel_Rarely",NA,"Medical",NA,"5","Single",13339,8,11,NA,36,NA,24,15
37,NA,"Travel_Rarely",NA,"Life Sciences",NA,"2","Divorced",2689,1,18,NA,7,NA,7,7
33,NA,"Travel_Frequently",NA,"Life Sciences",NA,"1","Single",3164,1,11,NA,10,NA,10,7
32,NA,"Travel_Rarely",NA,"Medical",NA,"2","Single",24301,1,16,NA,12,NA,11,7
35,NA,"Travel_Rarely",NA,"Life Sciences",NA,"2","Married",15497,3,13,NA,8,NA,1,1
28,NA,"Travel_Rarely",NA,"Life Sciences",NA,"2","Single",20750,1,16,NA,7,NA,7,7
35,NA,"Travel_Rarely",NA,"Life Sciences",NA,"1","Single",13301,3,13,NA,7,NA,2,2
37,NA,"Non-Travel",NA,"Medical",NA,"3","Divorced",11677,2,18,NA,15,NA,5,2
24,NA,"Travel_Rarely",NA,"Other",NA,"2","Married",17519,0,21,NA,4,NA,3,2
50,NA,"Travel_Rarely",NA,"Medical",NA,"5","Divorced",24118,3,11,NA,32,NA,7,6
58,NA,"Travel_Rarely",NA,"Medical",NA,"3","Married",3465,1,12,NA,40,NA,40,6
18,NA,"Travel_Frequently",NA,"Marketing",NA,"1","Single",8059,1,14,NA,0,NA,0,0
26,NA,"Travel_Frequently",NA,"Technical Degree",NA,"1","Single",6582,0,22,NA,7,NA,6,4
37,NA,"Travel_Rarely",NA,"Medical",NA,"2","Married",22825,4,14,NA,7,NA,5,1
37,NA,"Travel_Rarely",NA,"Other",NA,"3","Married",9606,1,15,NA,10,NA,10,8
18,NA,"Travel_Rarely",NA,"Medical",NA,"1","Single",9724,1,12,NA,0,NA,0,0
42,NA,"Travel_Rarely",NA,"Life Sciences",NA,"2","Married",5718,1,13,NA,10,NA,10,2
36,NA,"Travel_Rarely",NA,"Life Sciences",NA,"1","Married",22002,3,12,NA,5,NA,1,0
48,NA,"Travel_Rarely",NA,"Marketing",NA,"2","Married",19658,2,14,NA,14,NA,9,7
43,NA,"Travel_Frequently",NA,"Life Sciences",NA,"1","Single",10675,0,19,NA,9,NA,8,7
30,NA,"Travel_Rarely",NA,"Technical Degree",NA,"1","Single",8556,5,11,NA,8,NA,5,4
35,NA,"Travel_Rarely",NA,"Life Sciences",NA,"2","Single",19368,1,13,NA,17,NA,17,8
35,NA,"Travel_Rarely",NA,"Life Sciences",NA,"1","Married",20317,1,16,NA,3,NA,3,2
27,NA,"Travel_Frequently",NA,"Marketing",NA,"2","Married",24008,0,19,NA,5,NA,4,1
57,NA,"Travel_Rarely",NA,"Medical",NA,"2","Married",2967,2,11,NA,15,NA,3,2
28,NA,"Travel_Rarely",NA,"Technical Degree",NA,"1","Single",11179,1,13,NA,2,NA,2,2
42,NA,"Travel_Frequently",NA,"Technical Degree",NA,"2","Married",4386,0,11,NA,7,NA,6,4
48,NA,"Travel_Rarely",NA,"Medical",NA,"3","Married",23978,3,21,NA,15,NA,0,0
41,NA,"Travel_Rarely",NA,"Human Resources",NA,"5","Married",19562,1,12,NA,22,NA,22,10
38,NA,"Travel_Rarely",NA,"Life Sciences",NA,"1","Single",6319,1,12,NA,2,NA,2,1
28,NA,"Travel_Rarely",NA,"Medical",NA,"1","Single",16374,6,17,NA,5,NA,2,1
32,NA,"Travel_Rarely",NA,"Life Sciences",NA,"3","Single",19373,3,15,NA,10,NA,7,7
26,NA,"Travel_Frequently",NA,"Life Sciences",NA,"2","Divorced",26767,1,20,NA,6,NA,6,4
34,NA,"Travel_Rarely",NA,"Life Sciences",NA,"2","Divorced",15000,6,15,NA,12,NA,1,0
49,NA,"Travel_Rarely",NA,"Medical",NA,"2","Married",5549,1,14,NA,16,NA,15,11
39,NA,"Travel_Rarely",NA,"Medical",NA,"3","Divorced",10942,0,17,NA,19,NA,18,7
36,NA,"Travel_Rarely",NA,"Life Sciences",NA,"1","Single",6986,7,23,NA,10,NA,5,3
39,NA,"Travel_Frequently",NA,"Technical Degree",NA,"3","Single",6420,0,25,NA,20,NA,19,8
50,NA,"Travel_Frequently",NA,"Technical Degree",NA,"2","Married",23452,3,14,NA,18,NA,4,3
50,NA,"Travel_Rarely",NA,"Life Sciences",NA,"5","Divorced",15815,3,14,NA,28,NA,10,6
35,NA,"Travel_Rarely",NA,"Other",NA,"1","Divorced",10910,1,12,NA,1,NA,1,0
50,NA,"Travel_Rarely",NA,"Life Sciences",NA,"5","Single",17053,3,15,NA,21,NA,5,4
29,NA,"Non-Travel",NA,"Technical Degree",NA,"2","Married",26283,1,13,NA,10,NA,10,9
45,NA,"Travel_Frequently",NA,"Life Sciences",NA,"3","Divorced",20308,1,18,NA,24,NA,24,11
50,NA,"Travel_Rarely",NA,"Marketing",NA,"1","Married",9983,7,15,NA,4,NA,2,2
50,NA,"Travel_Rarely",NA,"Technical Degree",NA,"3","Single",2755,6,15,NA,20,NA,4,3
30,NA,"Travel_Rarely",NA,"Medical",NA,"2","Divorced",19760,1,12,NA,11,NA,11,7
51,NA,"Travel_Rarely",NA,"Life Sciences",NA,"3","Married",15736,5,16,NA,16,NA,10,7
27,NA,"Travel_Frequently",NA,"Life Sciences",NA,"3","Divorced",4809,1,21,NA,9,NA,9,7
32,NA,"Travel_Frequently",NA,"Life Sciences",NA,"2","Married",21146,1,15,NA,10,NA,10,7
30,NA,"Travel_Rarely",NA,"Medical",NA,"1","Single",16117,1,13,NA,10,NA,10,8
26,NA,"Travel_Rarely",NA,"Life Sciences",NA,"1","Divorced",3032,1,22,NA,3,NA,3,2
34,NA,"Non-Travel",NA,"Marketing",NA,"2","Single",4652,8,13,NA,9,NA,5,4
51,NA,"Travel_Rarely",NA,"Medical",NA,"2","Divorced",16321,5,18,NA,13,NA,4,2
47,NA,"Travel_Rarely",NA,"Life Sciences",NA,"5","Married",16375,4,11,NA,21,NA,3,1
34,NA,"Travel_Rarely",NA,"Life Sciences",NA,"2","Single",19921,1,12,NA,10,NA,10,7
23,NA,"Travel_Rarely",NA,"Technical Degree",NA,"1","Divorced",9518,3,13,NA,3,NA,0,0
52,NA,"Travel_Rarely",NA,"Medical",NA,"2","Married",17747,2,15,NA,11,NA,8,7
32,NA,"Travel_Rarely",NA,"Medical",NA,"1","Single",10224,7,22,NA,10,NA,5,4
35,NA,"Travel_Rarely",NA,"Marketing",NA,"1","Married",9687,1,13,NA,2,NA,2,2
31,NA,"Travel_Rarely",NA,"Life Sciences",NA,"3","Divorced",14394,1,25,NA,13,NA,13,8
43,NA,"Travel_Frequently",NA,"Medical",NA,"1","Single",16090,4,12,NA,18,NA,3,2
25,NA,"Non-Travel",NA,"Life Sciences",NA,"2","Divorced",18384,1,12,NA,6,NA,6,5
33,NA,"Travel_Frequently",NA,"Life Sciences",NA,"2","Divorced",5335,3,23,NA,15,NA,13,7
27,NA,"Travel_Rarely",NA,"Marketing",NA,"2","Married",3415,1,18,NA,8,NA,8,7
36,NA,"Travel_Rarely",NA,"Life Sciences",NA,"1","Divorced",2561,5,22,NA,7,NA,1,0
39,NA,"Travel_Frequently",NA,"Medical",NA,"5","Married",21141,1,15,NA,21,NA,21,3
40,NA,"Travel_Frequently",NA,"Medical",NA,"2","Divorced",8504,1,11,NA,20,NA,20,13
40,NA,"Non-Travel",NA,"Other",NA,"3","Divorced",11373,3,15,NA,20,NA,1,1
42,NA,"Travel_Rarely",NA,"Life Sciences",NA,"2","Single",23016,3,13,NA,10,NA,3,2
45,NA,"Travel_Rarely",NA,"Other",NA,"2","Married",16177,0,19,NA,9,NA,8,7
34,NA,"Travel_Rarely",NA,"Life Sciences",NA,"1","Married",22794,1,13,NA,6,NA,6,3
24,NA,"Travel_Frequently",NA,"Medical",NA,"1","Married",5530,0,13,NA,3,NA,2,1
35,NA,"Travel_Rarely",NA,"Medical",NA,"1","Single",26278,1,18,NA,6,NA,6,4
27,NA,"Travel_Rarely",NA,"Medical",NA,"1","Divorced",5013,0,12,NA,6,NA,5,3
26,NA,"Travel_Rarely",NA,"Marketing",NA,"2","Married",21436,7,19,NA,5,NA,2,0
39,NA,"Travel_Rarely",NA,"Technical Degree",NA,"2","Single",20978,1,11,NA,20,NA,20,10
35,NA,"Travel_Rarely",NA,"Marketing",NA,"3","Married",5100,0,15,NA,12,NA,11,9
45,NA,"Travel_Rarely",NA,"Technical Degree",NA,"2","Single",12388,0,13,NA,9,NA,8,1
29,NA,"Travel_Rarely",NA,"Medical",NA,"2","Married",3487,1,14,NA,6,NA,6,2
26,NA,"Travel_Rarely",NA,"Medical",NA,"2","Divorced",4267,5,12,NA,8,NA,0,0
24,NA,"Travel_Rarely",NA,"Medical",NA,"1","Married",3020,2,16,NA,6,NA,2,0
45,NA,"Travel_Rarely",NA,"Life Sciences",NA,"1","Married",9655,3,21,NA,8,NA,2,2
20,NA,"Travel_Rarely",NA,"Life Sciences",NA,"1","Single",11757,1,13,NA,1,NA,1,0
46,NA,"Travel_Rarely",NA,"Technical Degree",NA,"4","Married",14977,3,12,NA,28,NA,7,7
29,NA,"Travel_Rarely",NA,"Life Sciences",NA,"1","Married",4956,0,23,NA,6,NA,5,4
46,NA,"Non-Travel",NA,"Medical",NA,"2","Married",16044,2,14,NA,7,NA,1,0
33,NA,"Travel_Rarely",NA,"Life Sciences",NA,"1","Single",10515,0,14,NA,4,NA,3,2
38,NA,"Travel_Rarely",NA,"Life Sciences",NA,"2","Single",19383,0,13,NA,10,NA,9,8
53,NA,"Travel_Rarely",NA,"Medical",NA,"2","Single",7507,7,20,NA,18,NA,14,10
35,NA,"Travel_Rarely",NA,"Technical Degree",NA,"3","Single",18264,0,13,NA,17,NA,16,13
41,NA,"Travel_Rarely",NA,"Life Sciences",NA,"4","Married",5626,7,16,NA,22,NA,18,8
38,NA,"Travel_Rarely",NA,"Life Sciences",NA,"2","Married",7259,9,14,NA,14,NA,1,0
30,NA,"Travel_Frequently",NA,"Technical Degree",NA,"1","Single",3427,9,23,NA,3,NA,1,0
31,NA,"Travel_Rarely",NA,"Life Sciences",NA,"1","Divorced",15170,1,17,NA,5,NA,5,3
26,NA,"Travel_Rarely",NA,"Technical Degree",NA,"1","Single",23213,1,18,NA,1,NA,1,0
27,NA,"Travel_Rarely",NA,"Life Sciences",NA,"1","Divorced",19715,1,13,NA,1,NA,1,0
34,NA,"Travel_Rarely",NA,"Other",NA,"2","Single",12482,1,14,NA,16,NA,16,10
46,NA,"Travel_Rarely",NA,"Medical",NA,"3","Divorced",12368,7,16,NA,17,NA,4,3
55,NA,"Travel_Rarely",NA,"Life Sciences",NA,"4","Single",9873,3,23,NA,37,NA,10,7
37,NA,"Travel_Frequently",NA,"Medical",NA,"1","Married",11411,1,12,NA,4,NA,4,2
51,NA,"Travel_Frequently",NA,"Medical",NA,"3","Single",25796,3,20,NA,23,NA,13,8
40,NA,"Travel_Frequently",NA,"Life Sciences",NA,"4","Married",14115,1,22,NA,22,NA,22,11
24,NA,"Non-Travel",NA,"Other",NA,"2","Divorced",8232,0,18,NA,5,NA,4,3
31,NA,"Travel_Rarely",NA,"Life Sciences",NA,"1","Single",7551,0,16,NA,3,NA,2,2
32,NA,"Travel_Rarely",NA,"Life Sciences",NA,"1","Married",20990,2,11,NA,6,NA,4,2
34,NA,"Travel_Frequently",NA,"Life Sciences",NA,"2","Married",14074,1,17,NA,10,NA,10,9
43,NA,"Travel_Frequently",NA,"Life Sciences",NA,"2","Married",23683,3,18,NA,7,NA,2,2
29,NA,"Travel_Frequently",NA,"Medical",NA,"3","Married",6599,1,14,NA,11,NA,11,1
50,NA,"Travel_Rarely",NA,"Medical",NA,"5","Divorced",16701,5,12,NA,29,NA,27,8
36,NA,"Non-Travel",NA,"Life Sciences",NA,"3","Single",14229,1,15,NA,10,NA,10,9
47,NA,"Travel_Frequently",NA,"Life Sciences",NA,"2","Single",10339,4,12,NA,8,NA,5,3
27,NA,"Non-Travel",NA,"Marketing",NA,"2","Married",22107,0,13,NA,6,NA,5,4
20,NA,"Travel_Frequently",NA,"Life Sciences",NA,"1","Single",19783,1,18,NA,1,NA,1,0
31,NA,"Travel_Rarely",NA,"Life Sciences",NA,"2","Married",20739,4,18,NA,12,NA,7,7
22,NA,"Travel_Rarely",NA,"Technical Degree",NA,"1","Married",19299,0,14,NA,3,NA,2,1
34,NA,"Travel_Rarely",NA,"Other",NA,"2","Single",18686,1,22,NA,6,NA,6,4
52,NA,"Travel_Rarely",NA,"Life Sciences",NA,"5","Married",5678,0,14,NA,34,NA,33,9
33,NA,"Non-Travel",NA,"Marketing",NA,"2","Married",15480,0,13,NA,8,NA,7,7
19,NA,"Travel_Rarely",NA,"Medical",NA,"1","Single",16102,1,14,NA,1,NA,1,0
39,NA,"Travel_Frequently",NA,"Life Sciences",NA,"5","Divorced",8213,1,14,NA,21,NA,21,6
51,NA,"Travel_Rarely",NA,"Medical",NA,"2","Married",13983,2,17,NA,10,NA,1,0
36,NA,"Travel_Rarely",NA,"Life Sciences",NA,"1","Married",11868,4,13,NA,6,NA,2,2
37,NA,"Travel_Frequently",NA,"Marketing",NA,"1","Divorced",2539,4,17,NA,13,NA,9,8
38,NA,"Travel_Rarely",NA,"Life Sciences",NA,"1","Single",14561,3,17,NA,8,NA,0,0
37,NA,"Travel_Rarely",NA,"Medical",NA,"2","Divorced",23177,7,16,NA,8,NA,6,4
31,NA,"Travel_Rarely",NA,"Medical",NA,"1","Married",6984,8,23,NA,7,NA,4,2
48,NA,"Travel_Rarely",NA,"Life Sciences",NA,"4","Married",17997,7,11,NA,21,NA,3,2
32,NA,"Travel_Rarely",NA,"Medical",NA,"2","Married",10877,1,22,NA,9,NA,9,8
56,NA,"Travel_Rarely",NA,"Life Sciences",NA,"3","Single",21698,4,11,NA,37,NA,6,2
33,NA,"Travel_Rarely",NA,"Medical",NA,"1","Single",6670,4,11,NA,7,NA,1,0
42,NA,"Travel_Rarely",NA,"Marketing",NA,"2","Married",21173,0,11,NA,10,NA,9,2
47,NA,"Travel_Rarely",NA,"Other",NA,"4","Married",12982,1,11,NA,26,NA,26,0
28,NA,"Travel_Rarely",NA,"Medical",NA,"1","Married",2613,1,23,NA,5,NA,5,4
37,NA,"Travel_Frequently",NA,"Medical",NA,"3","Divorced",22573,6,11,NA,17,NA,1,0
30,NA,"Non-Travel",NA,"Technical Degree",NA,"2","Married",6069,7,12,NA,4,NA,2,2
29,NA,"Travel_Rarely",NA,"Other",NA,"1","Single",7621,0,17,NA,4,NA,3,2
38,NA,"Travel_Rarely",NA,"Life Sciences",NA,"2","Single",12930,4,22,NA,12,NA,8,7
37,NA,"Travel_Rarely",NA,"Life Sciences",NA,"1","Single",15881,1,12,NA,17,NA,17,7
38,NA,"Travel_Rarely",NA,"Medical",NA,"2","Married",11354,7,19,NA,17,NA,1,0
31,NA,"Travel_Rarely",NA,"Marketing",NA,"2","Divorced",7143,4,12,NA,13,NA,7,7
19,NA,"Travel_Rarely",NA,"Marketing",NA,"1","Single",26820,1,19,NA,0,NA,0,0
55,NA,"Travel_Rarely",NA,"Life Sciences",NA,"4","Single",23258,2,13,NA,30,NA,5,2
34,NA,"Travel_Rarely",NA,"Life Sciences",NA,"2","Married",23687,6,13,NA,13,NA,11,9
58,NA,"Non-Travel",NA,"Life Sciences",NA,"2","Divorced",17056,2,13,NA,12,NA,5,2
22,NA,"Non-Travel",NA,"Medical",NA,"1","Divorced",7324,1,13,NA,1,NA,1,0
34,NA,"Travel_Frequently",NA,"Marketing",NA,"1","Divorced",12253,0,16,NA,3,NA,2,0
21,NA,"Travel_Rarely",NA,"Medical",NA,"1","Single",10531,1,17,NA,3,NA,3,0
31,NA,"Travel_Rarely",NA,"Medical",NA,"2","Divorced",6219,4,22,NA,13,NA,7,7
28,NA,"Travel_Rarely",NA,"Medical",NA,"1","Married",6672,1,11,NA,5,NA,5,2
32,NA,"Travel_Frequently",NA,"Life Sciences",NA,"1","Single",4681,1,22,NA,10,NA,10,7
59,NA,"Travel_Rarely",NA,"Life Sciences",NA,"3","Single",2354,7,11,NA,28,NA,21,9
36,NA,"Non-Travel",NA,"Medical",NA,"2","Single",15276,4,15,NA,7,NA,1,0
31,NA,"Travel_Rarely",NA,"Life Sciences",NA,"2","Married",24788,3,11,NA,4,NA,2,2
43,NA,"Travel_Frequently",NA,"Medical",NA,"2","Divorced",19627,3,13,NA,10,NA,8,7
35,NA,"Travel_Rarely",NA,"Life Sciences",NA,"2","Single",19394,9,19,NA,10,NA,1,0
27,NA,"Non-Travel",NA,"Medical",NA,"1","Divorced",5970,6,18,NA,6,NA,2,2
40,NA,"Travel_Frequently",NA,"Life Sciences",NA,"3","Married",23772,5,21,NA,20,NA,18,12
30,NA,"Travel_Rarely",NA,"Marketing",NA,"2","Divorced",5431,1,13,NA,10,NA,10,2
46,NA,"Travel_Rarely",NA,"Medical",NA,"3","Single",13596,1,16,NA,9,NA,9,7
29,NA,"Travel_Rarely",NA,"Life Sciences",NA,"1","Married",6689,1,11,NA,1,NA,1,0
59,NA,"Travel_Rarely",NA,"Medical",NA,"1","Married",9964,4,20,NA,12,NA,1,0
32,NA,"Non-Travel",NA,"Marketing",NA,"2","Married",12069,0,18,NA,4,NA,3,2
34,NA,"Travel_Rarely",NA,"Medical",NA,"2","Single",7360,3,11,NA,10,NA,5,3
45,NA,"Travel_Rarely",NA,"Medical",NA,"4","Married",7501,0,14,NA,21,NA,20,10
34,NA,"Travel_Rarely",NA,"Medical",NA,"1","Single",5711,2,15,NA,9,NA,3,2
48,NA,"Travel_Rarely",NA,"Life Sciences",NA,"3","Single",19294,9,13,NA,23,NA,1,0
37,NA,"Travel_Rarely",NA,"Life Sciences",NA,"1","Divorced",26914,1,12,NA,18,NA,18,17
42,NA,"Travel_Rarely",NA,"Life Sciences",NA,"2","Married",4051,9,13,NA,8,NA,4,2
50,NA,"Travel_Rarely",NA,"Marketing",NA,"1","Married",3810,1,14,NA,3,NA,3,2
34,NA,"Travel_Rarely",NA,"Life Sciences",NA,"2","Married",13305,5,17,NA,6,NA,3,2
44,NA,"Non-Travel",NA,"Medical",NA,"2","Married",25043,4,12,NA,17,NA,3,2
42,NA,"Travel_Rarely",NA,"Medical",NA,"3","Married",6950,1,21,NA,10,NA,10,8
32,NA,"Travel_Rarely",NA,"Life Sciences",NA,"1","Divorced",15053,0,12,NA,7,NA,6,5
29,NA,"Travel_Rarely",NA,"Medical",NA,"2","Married",3687,2,19,NA,10,NA,0,0
34,NA,"Travel_Frequently",NA,"Human Resources",NA,"3","Divorced",11533,9,15,NA,11,NA,3,2
42,NA,"Travel_Frequently",NA,"Other",NA,"1","Married",9260,4,17,NA,8,NA,2,0
27,NA,"Non-Travel",NA,"Medical",NA,"1","Divorced",25326,1,15,NA,1,NA,1,1
43,NA,"Travel_Rarely",NA,"Life Sciences",NA,"4","Divorced",4345,1,11,NA,25,NA,25,9
35,NA,"Travel_Rarely",NA,"Medical",NA,"1","Married",16479,0,13,NA,6,NA,5,3
26,NA,"Travel_Rarely",NA,"Life Sciences",NA,"1","Married",8916,1,23,NA,8,NA,8,7
28,NA,"Travel_Rarely",NA,"Life Sciences",NA,"1","Single",12947,5,14,NA,6,NA,4,3
53,NA,"Travel_Rarely",NA,"Other",NA,"5","Divorced",10735,4,11,NA,26,NA,14,8
33,NA,"Travel_Rarely",NA,"Medical",NA,"1","Married",13248,6,21,NA,7,NA,3,1
30,NA,"Travel_Rarely",NA,"Life Sciences",NA,"2","Married",15998,1,12,NA,10,NA,10,0
41,NA,"Travel_Rarely",NA,"Life Sciences",NA,"3","Single",14674,3,18,NA,16,NA,1,0
36,NA,"Travel_Frequently",NA,"Life Sciences",NA,"1","Married",7122,4,18,NA,4,NA,1,0
24,NA,"Travel_Rarely",NA,"Other",NA,"1","Married",9100,1,21,NA,1,NA,1,0
30,NA,"Travel_Frequently",NA,"Medical",NA,"1","Divorced",22653,1,20,NA,1,NA,1,0
21,NA,"Travel_Frequently",NA,"Technical Degree",NA,"1","Single",9150,1,11,NA,3,NA,3,2
39,NA,"Travel_Rarely",NA,"Medical",NA,"2","Married",17778,4,18,NA,12,NA,1,0
29,NA,"Travel_Rarely",NA,"Life Sciences",NA,"2","Single",12682,0,12,NA,10,NA,9,8
46,NA,"Travel_Rarely",NA,"Marketing",NA,"5","Single",22822,3,12,NA,22,NA,2,1
42,NA,"Travel_Frequently",NA,"Medical",NA,"1","Divorced",20366,6,12,NA,7,NA,2,2
37,NA,"Non-Travel",NA,"Medical",NA,"2","Married",23866,3,15,NA,15,NA,13,7
35,NA,"Travel_Rarely",NA,"Life Sciences",NA,"3","Divorced",19100,7,18,NA,10,NA,7,2
38,NA,"Travel_Frequently",NA,"Life Sciences",NA,"2","Single",26085,6,12,NA,17,NA,15,12
36,NA,"Travel_Frequently",NA,"Life Sciences",NA,"2","Single",22656,1,13,NA,6,NA,6,3
